M√£ phi√™n tr√≤ chuy·ªán tr·ª±c ti·∫øp,M√£ nh·∫≠n d·∫°ng k√™nh,D·∫•u th·ªùi gian ƒë√£ t·∫°o tin nh·∫Øn tr√≤ chuy·ªán tr·ª±c ti·∫øp,Gi√°,M√£ video,N·ªôi dung tin nh·∫Øn tr√≤ chuy·ªán tr·ª±c ti·∫øp
UgzxWjQbvxFP4rRKdQF4AaABDqgBt6XfiAI,UCnHRyiTsgPLe-Yd7jBFCptw,2022-12-18T14:44:59.808217+00:00,0,JtxfFNj-aOA,"{""text"":""hellu a Sin""}"
UgxxMvhyILPyeEYHsIh4AaABDqgB1oXYhgI,UCnHRyiTsgPLe-Yd7jBFCptw,2022-12-18T14:40:47.971412+00:00,0,JtxfFNj-aOA,"{""text"":""Hallo mn ""}"
UgwXZl7eNKShb6mWMaJ4AaABDqgB6NWXlwI,UCnHRyiTsgPLe-Yd7jBFCptw,2022-12-15T14:51:02.404876+00:00,0,NDx5_P-p6Lk,"{""text"":""cute th·∫øee""}"
Ugw_D5EvEY_YsWP6KdB4AaABDqgBzP_kmQI,UCnHRyiTsgPLe-Yd7jBFCptw,2022-12-15T13:50:42.458378+00:00,0,NDx5_P-p6Lk,"{""text"":""tui l√† Duy b·ªØa g·ª≠i marsh √° ""}"
UgyLZ7GLMVJ9Zbw3Fs94AaABDqgBnJG4mAI,UCnHRyiTsgPLe-Yd7jBFCptw,2022-12-15T13:49:20.773835+00:00,0,NDx5_P-p6Lk,"{""text"":"""",""emoji"":{""customEmojiUrl"":""Failed to get emoji URL""}},{""text"":""Hallo Lan, tui ng m·ªõi n√® ""}"
UgxuAvruenRLp_slyah4AaABDqgBkLuyigI,UCnHRyiTsgPLe-Yd7jBFCptw,2022-12-15T13:44:48.090441+00:00,0,NDx5_P-p6Lk,"{""text"":""eh, nhi·ªÅu l·∫ßn ƒë·∫ßu th·∫ø :)""}"
UgzCBj8NeMy2Ye4YXTp4AaABDqgB7KqcjQI,UCnHRyiTsgPLe-Yd7jBFCptw,2022-12-15T13:36:48.006684+00:00,0,NDx5_P-p6Lk,"{""text"":""Hello Lann""}"
UgxBatLBJQ7mHBfnBP14AaABDqgB5NPfhwI,UCnHRyiTsgPLe-Yd7jBFCptw,2022-12-13T15:17:50.77321+00:00,0,47kXJT1ps8g,"{""text"":""Hello a Sin, em m·ªõi tr·ªìi l√™n ""}"
UgxS_8feMdDeret-Llx4AaABDqgBx8ymngI,UCnHRyiTsgPLe-Yd7jBFCptw,2022-12-13T15:11:10.977224+00:00,0,h4e3INVLeK0,"{""text"":""Bye Lan nha, h qua √¥ng Sin""}"
Ugz3jE1IwfCGduR9u_h4AaABDqgB2qiQhQI,UCnHRyiTsgPLe-Yd7jBFCptw,2022-12-13T14:55:00.516296+00:00,0,h4e3INVLeK0,"{""text"":""hello @H·ª£p V√¢n  nha""}"
UgzyVXDrn2i0wDgGYh14AaABDqgBlf7YlAI,UCnHRyiTsgPLe-Yd7jBFCptw,2022-12-13T14:54:41.197586+00:00,0,h4e3INVLeK0,"{""text"":""üôÇ""}"
Ugz2PwtZN09YZEPNnAJ4AaABDqgBw7HpjwI,UCnHRyiTsgPLe-Yd7jBFCptw,2022-12-13T14:53:15.343485+00:00,0,h4e3INVLeK0,"{""text"":""Tui ƒë√¢y n√® Lan ∆°i, thank Lan ƒë√£ chia s·∫ª nhaa :)""}"





