Mã nhận dạng kênh,URL kênh,Tiêu đề kênh
UC-8e7FmVbkmFWriTUSEqUKg,http://www.youtube.com/channel/UC-8e7FmVbkmFWriTUSEqUKg,Vũ Nguyễn Coder
UC0TnW9acNxqeojxXDMbohcA,http://www.youtube.com/channel/UC0TnW9acNxqeojxXDMbohcA,Mark Manson
UC0UKL0fIkNUANaGAgqFERbg,http://www.youtube.com/channel/UC0UKL0fIkNUANaGAgqFERbg,irucaice / いるかアイス
UC1ELUfyiYnQQhtPWBS9Dmbg,http://www.youtube.com/channel/UC1ELUfyiYnQQhtPWBS9Dmbg,David Zhang
UC2Xd-TjJByJyK2w1zNwY0zQ,http://www.youtube.com/channel/UC2Xd-TjJByJyK2w1zNwY0zQ,Beyond Fireship
UC2hM5-2qdj8yok6Slw0vDuQ,http://www.youtube.com/channel/UC2hM5-2qdj8yok6Slw0vDuQ,iLoda
UC3-KFZ8mWvRfIicqeSaC5CA,http://www.youtube.com/channel/UC3-KFZ8mWvRfIicqeSaC5CA,Chung Tình
UC32MfqfhidJPaarmKQrUR2Q,http://www.youtube.com/channel/UC32MfqfhidJPaarmKQrUR2Q,小倉 唯 YouTube OFFICIAL CHANNEL
UC3HxHh_jezfVCcXNCyDJHOQ,http://www.youtube.com/channel/UC3HxHh_jezfVCcXNCyDJHOQ,Người Chơi Đồ
UC3NPuQGUQ8HDPL2LtWPlHeA,http://www.youtube.com/channel/UC3NPuQGUQ8HDPL2LtWPlHeA,sangtraan
UC4MZ7zUHb5eAxU75Dc_nqdQ,http://www.youtube.com/channel/UC4MZ7zUHb5eAxU75Dc_nqdQ,Tiff In Tech
UC4_qP33t3TGpEM0-96WfC6Q,http://www.youtube.com/channel/UC4_qP33t3TGpEM0-96WfC6Q,DesignerTom
UC4nFt-n9J3Q4DQSSvB0DR6g,http://www.youtube.com/channel/UC4nFt-n9J3Q4DQSSvB0DR6g,ごちうさ公式チャンネル/ご注文はうさぎですか?
UC5UgemAz061hkjTFHOfxNpg,http://www.youtube.com/channel/UC5UgemAz061hkjTFHOfxNpg,Kantan Coding
UC6CO885MEYYw8CW4iL3Rhhw,http://www.youtube.com/channel/UC6CO885MEYYw8CW4iL3Rhhw,Thiết kế Game
UC6_8mLw-CglRDk3y8HKGnNQ,http://www.youtube.com/channel/UC6_8mLw-CglRDk3y8HKGnNQ,Daniel Titchener
UC7dR3zb454qbmuzTR2_ABhQ,http://www.youtube.com/channel/UC7dR3zb454qbmuzTR2_ABhQ,Reynard Lowell
UC8WLg9gshrtZA1-swL5D9Kg,http://www.youtube.com/channel/UC8WLg9gshrtZA1-swL5D9Kg,Tim Gabe
UC8butISFwT-Wl7EV0hUK0BQ,http://www.youtube.com/channel/UC8butISFwT-Wl7EV0hUK0BQ,freeCodeCamp.org
UC8wZnXYK_CGKlBcZp-GxYPA,http://www.youtube.com/channel/UC8wZnXYK_CGKlBcZp-GxYPA,NeuralNine
UC9Y6F-eMKSXhk2FM89flTIg,http://www.youtube.com/channel/UC9Y6F-eMKSXhk2FM89flTIg,GVMluccaMovies
UCAmiHmhyH7irW2Yr_RoI0uA,http://www.youtube.com/channel/UCAmiHmhyH7irW2Yr_RoI0uA,Phân Tích Game
UCAuUUnT6oDeKwE6v1NGQxug,http://www.youtube.com/channel/UCAuUUnT6oDeKwE6v1NGQxug,TED
UCBJhatQ9tgG4P1WE4Yy55gg,http://www.youtube.com/channel/UCBJhatQ9tgG4P1WE4Yy55gg,Pochi Korone - Topic
UCCQ6SXMc7MoJ88jjpn6j-8Q,http://www.youtube.com/channel/UCCQ6SXMc7MoJ88jjpn6j-8Q,Marko
UCDf5GpFmElz-nOxey7wn8tA,http://www.youtube.com/channel/UCDf5GpFmElz-nOxey7wn8tA,KiRaRe - Topic
UCDzJOrDYIlAkW9iR4Z7qKCQ,http://www.youtube.com/channel/UCDzJOrDYIlAkW9iR4Z7qKCQ,Cá Khô
UCG-KntY7aVnIGXYEBQvmBAQ,http://www.youtube.com/channel/UCG-KntY7aVnIGXYEBQvmBAQ,Thomas Frank
UCGAEHSORVoreaKAmkuJLtPA,http://www.youtube.com/channel/UCGAEHSORVoreaKAmkuJLtPA,オルタンシア - Topic
UCGPxl-zzE3jseMr-kSsBcaw,http://www.youtube.com/channel/UCGPxl-zzE3jseMr-kSsBcaw,Archouchou - Topic
UCGwuxdEeCf0TIA2RbPOj-8g,http://www.youtube.com/channel/UCGwuxdEeCf0TIA2RbPOj-8g,Stanford Graduate School of Business
UCI9gxJBSgC9QXyePhE48BqA,http://www.youtube.com/channel/UCI9gxJBSgC9QXyePhE48BqA,ことの
UCJ24N4O0bP7LGLBDvye7oCA,http://www.youtube.com/channel/UCJ24N4O0bP7LGLBDvye7oCA,Matt D'Avella
UCJZv4d5rbIKd4QHMPkcABCw,http://www.youtube.com/channel/UCJZv4d5rbIKd4QHMPkcABCw,Kevin Powell
UCK7tptUDHh-RYDsdxO1-5QQ,http://www.youtube.com/channel/UCK7tptUDHh-RYDsdxO1-5QQ,The Wall Street Journal
UCL9Y2MYhBUT0rgOi1q6JeCQ,http://www.youtube.com/channel/UCL9Y2MYhBUT0rgOi1q6JeCQ,Dear Modern
UCLj_i7yL-8FZrdQA6eE4iqQ,http://www.youtube.com/channel/UCLj_i7yL-8FZrdQA6eE4iqQ,Code [RE] Code
UCLyWrDOdjaBk9WMKXXvlBZQ,http://www.youtube.com/channel/UCLyWrDOdjaBk9WMKXXvlBZQ,miya
UCMf4Y6-9iEsAhxPp_UFz4Yw,http://www.youtube.com/channel/UCMf4Y6-9iEsAhxPp_UFz4Yw,Andres The Designer
UCMqWdkIyvwsl4L4yHVODD1w,http://www.youtube.com/channel/UCMqWdkIyvwsl4L4yHVODD1w,Dustin On The Go
UCNG1I_kw2p3evITFIBX_2zA,http://www.youtube.com/channel/UCNG1I_kw2p3evITFIBX_2zA,Slaying The Dragon
UCNWGZXzuU9oGggS2egZiKxA,http://www.youtube.com/channel/UCNWGZXzuU9oGggS2egZiKxA,Snippets Code
UCNiQj7jqX0eRykNMP13o3BA,http://www.youtube.com/channel/UCNiQj7jqX0eRykNMP13o3BA,Nam Anh Studio
UCO1Bp27ZZGQ_CUg5HRTKdlw,http://www.youtube.com/channel/UCO1Bp27ZZGQ_CUg5HRTKdlw,Kwan
UCO8dQsjFAV_n4OpRQFFU_4w,http://www.youtube.com/channel/UCO8dQsjFAV_n4OpRQFFU_4w,すずしろ / すずみしろ
UCOQ6nTX5a39XFsvlKUpBUzw,http://www.youtube.com/channel/UCOQ6nTX5a39XFsvlKUpBUzw,ITSUKA JAPAN
UCORwVnph7TK6rmyKozkV8_g,http://www.youtube.com/channel/UCORwVnph7TK6rmyKozkV8_g,Vietcetera
UCP0_k4INXrwPS6HhIyYqsTg,http://www.youtube.com/channel/UCP0_k4INXrwPS6HhIyYqsTg,Steven He
UCPbq4cK8Mpka5Qvy_nFZTHw,http://www.youtube.com/channel/UCPbq4cK8Mpka5Qvy_nFZTHw,Hay Phết
UCQG8tNnV4hKetLhMb4MopHQ,http://www.youtube.com/channel/UCQG8tNnV4hKetLhMb4MopHQ,FRUITS ZIPPER
UCQfDF5OnP-OZNUuRGf8YjiQ,http://www.youtube.com/channel/UCQfDF5OnP-OZNUuRGf8YjiQ,Gizaudio
UCRFj4Yj1nKhgrT-_8AUsaDg,http://www.youtube.com/channel/UCRFj4Yj1nKhgrT-_8AUsaDg,DancingBacons
UCRsd_L7wBGdHLhfacuy3QVw,http://www.youtube.com/channel/UCRsd_L7wBGdHLhfacuy3QVw,Spiderum
UCSLeoz5odIGS2GdlbHbCAUg,http://www.youtube.com/channel/UCSLeoz5odIGS2GdlbHbCAUg,Matthew Encina
UCSzqqNREJfqgTV7PNQDeSPw,http://www.youtube.com/channel/UCSzqqNREJfqgTV7PNQDeSPw,Long Áo Đen
UCTF0ldaORTbCfx2ahvFfYWg,http://www.youtube.com/channel/UCTF0ldaORTbCfx2ahvFfYWg,Phê Game
UCTs3VX60I6EKrrwdkgrwCGQ,http://www.youtube.com/channel/UCTs3VX60I6EKrrwdkgrwCGQ,Aurelius Tjin
UCUuXPlozzyzcC0PHjLh6YaA,http://www.youtube.com/channel/UCUuXPlozzyzcC0PHjLh6YaA,Duy Thanh Nguyen
UCV0qA-eDDICsRR9rPcnG7tw,http://www.youtube.com/channel/UCV0qA-eDDICsRR9rPcnG7tw,Joma Tech
UCV4ggxLd_Vz-I-ePGSKfFog,http://www.youtube.com/channel/UCV4ggxLd_Vz-I-ePGSKfFog,Camellia Official
UCVbn813ctsoChuTT4LuLqrA,http://www.youtube.com/channel/UCVbn813ctsoChuTT4LuLqrA,JetPens
UCVjlpEjEY9GpksqbEesJnNA,http://www.youtube.com/channel/UCVjlpEjEY9GpksqbEesJnNA,mrnigelng
UCVlMUh4WsDQvOxCJJXmWwdw,http://www.youtube.com/channel/UCVlMUh4WsDQvOxCJJXmWwdw,Matthew Moniz
UCX6euE_rUN7x54Mo9jU8UVg,http://www.youtube.com/channel/UCX6euE_rUN7x54Mo9jU8UVg,desmondvu2
UCXR4ybJl9dtyIyB6PNV1FEQ,http://www.youtube.com/channel/UCXR4ybJl9dtyIyB6PNV1FEQ,nguyndi
UCXRZyv0cNwba6f0xCREAD_Q,http://www.youtube.com/channel/UCXRZyv0cNwba6f0xCREAD_Q,Geekific
UCXw1ddyrUmib3zmCmvSI1ow,http://www.youtube.com/channel/UCXw1ddyrUmib3zmCmvSI1ow,More Best Ever Food Review Show
UCYBwKaLwCGY7k3auR_FLanA,http://www.youtube.com/channel/UCYBwKaLwCGY7k3auR_FLanA,水瀬いのり
UCYTNxR2Z4ryz88WRWiaPCdg,http://www.youtube.com/channel/UCYTNxR2Z4ryz88WRWiaPCdg,K - Music Sweet
UCYYLjFslMa575OOJvV-h8xw,http://www.youtube.com/channel/UCYYLjFslMa575OOJvV-h8xw,Neko Hacker / ネコハッカー
UCZ-0T5TAzaeOboT8DvSKxhA,http://www.youtube.com/channel/UCZ-0T5TAzaeOboT8DvSKxhA,Hieu On The Go
UCZv-924OFOCEX6A8hcvdisQ,http://www.youtube.com/channel/UCZv-924OFOCEX6A8hcvdisQ,The Hanoi Chamomile
UCZv7dyFdg4DIph6TIBlaVSQ,http://www.youtube.com/channel/UCZv7dyFdg4DIph6TIBlaVSQ,minimalistik
UC_fYA9QRK-aJnFTgvR_4zug,http://www.youtube.com/channel/UC_fYA9QRK-aJnFTgvR_4zug,ななひら / Nanahira
UC_h-Jl4Zxb7p-sSBTxprs4Q,http://www.youtube.com/channel/UC_h-Jl4Zxb7p-sSBTxprs4Q,Maisy Leigh
UC_zQ777U6YTyatP3P1wi3xw,http://www.youtube.com/channel/UC_zQ777U6YTyatP3P1wi3xw,NEVER TOO SMALL
UCaSCt8s_4nfkRglWCvNSDrg,http://www.youtube.com/channel/UCaSCt8s_4nfkRglWCvNSDrg,CodeAesthetic
UCaukH_Q9L2P8p7uHyQj5gYA,http://www.youtube.com/channel/UCaukH_Q9L2P8p7uHyQj5gYA,ことの
UCb8vrqP8Z7Oz9ZTYvUtjUHQ,http://www.youtube.com/channel/UCb8vrqP8Z7Oz9ZTYvUtjUHQ,Daniel LaBelle
UCbGO1tCyjMlzqIT-tyrJNqQ,http://www.youtube.com/channel/UCbGO1tCyjMlzqIT-tyrJNqQ,Kshawaay
UCcAd5Np7fO8SeejB1FVKcYw,http://www.youtube.com/channel/UCcAd5Np7fO8SeejB1FVKcYw,Best Ever Food Review Show
UCcjhYlL1WRBjKaJsMH_h7Lg,http://www.youtube.com/channel/UCcjhYlL1WRBjKaJsMH_h7Lg,Epicurious
UCdV9tn79v3ecSDpC1AjVKaw,http://www.youtube.com/channel/UCdV9tn79v3ecSDpC1AjVKaw,Phạm Huy Hoàng
UCd_WBvzBg1UbHE8j8MIL5Ng,http://www.youtube.com/channel/UCd_WBvzBg1UbHE8j8MIL5Ng,Thomas Frank Explains
UCde-Dr_a2tCgCc0SwwpCHPw,http://www.youtube.com/channel/UCde-Dr_a2tCgCc0SwwpCHPw,Fz Studio Vtuber
UCdyMFblTjr-C2N-T5TGftQQ,http://www.youtube.com/channel/UCdyMFblTjr-C2N-T5TGftQQ,Nathan Doan Comedy
UCeP4Yv3s4RvS0-6d9OInRMw,http://www.youtube.com/channel/UCeP4Yv3s4RvS0-6d9OInRMw,Real Civil Engineer
UCeoU2maQX8JiQ9DTuhOVz5g,http://www.youtube.com/channel/UCeoU2maQX8JiQ9DTuhOVz5g,Kharma Medic
UCfU42vu0J0xk6oa2S0SP-Eg,http://www.youtube.com/channel/UCfU42vu0J0xk6oa2S0SP-Eg,HK15
UCffP6jI_WwWpYOJt6d8tPvQ,http://www.youtube.com/channel/UCffP6jI_WwWpYOJt6d8tPvQ,Yunomi
UCftwRNsjfRo08xYE31tkiyw,http://www.youtube.com/channel/UCftwRNsjfRo08xYE31tkiyw,WIRED
UCg2pTPW6C6cp2uoTiVwoYhg,http://www.youtube.com/channel/UCg2pTPW6C6cp2uoTiVwoYhg,Aster Reve - Topic
UCgDqL4yzXb4BflimZaxL4Vg,http://www.youtube.com/channel/UCgDqL4yzXb4BflimZaxL4Vg,Andrew Ethan Zeng
UChfo46ZNOV-vtehDc25A1Ug,http://www.youtube.com/channel/UChfo46ZNOV-vtehDc25A1Ug,Deep Dive with Ali Abdaal 
UChnN9MPURwKV2PbEoT2vhTQ,http://www.youtube.com/channel/UChnN9MPURwKV2PbEoT2vhTQ,randomfrankp
UCiYYo7oPjA_MQ9i7-zoNfGA,http://www.youtube.com/channel/UCiYYo7oPjA_MQ9i7-zoNfGA,Tài Xài Tech
UCirmNQWx17IQnHsiiUU4ZsA,http://www.youtube.com/channel/UCirmNQWx17IQnHsiiUU4ZsA,Chimame-tai - Topic
UCj06sjVmkCDEapk8JwBg06A,http://www.youtube.com/channel/UCj06sjVmkCDEapk8JwBg06A,Optimus
UCjfJ3MU6kwTz15eG2lYM0Gw,http://www.youtube.com/channel/UCjfJ3MU6kwTz15eG2lYM0Gw,Bảo Hoàng
UCk6zjonUuEBj88vpHaj8HlA,http://www.youtube.com/channel/UCk6zjonUuEBj88vpHaj8HlA,Dương FG
UCkCJ0zLrSg7VudR97g-FNVQ,http://www.youtube.com/channel/UCkCJ0zLrSg7VudR97g-FNVQ,Kenny Gunderman
UCkb-r702uhx4-6Lrmetp-Ow,http://www.youtube.com/channel/UCkb-r702uhx4-6Lrmetp-Ow,Jelly Ch. 【Phase Connect】
UClOcyTojVi4DRwC6pK6zfwg,http://www.youtube.com/channel/UClOcyTojVi4DRwC6pK6zfwg,Cerise Bouquet - Topic
UClbFnMu72DbIvh6aZebAHsA,http://www.youtube.com/channel/UClbFnMu72DbIvh6aZebAHsA,Levi
UCm6HefGyhKWdN5V6QTII_Ug,http://www.youtube.com/channel/UCm6HefGyhKWdN5V6QTII_Ug,Neyako
UCmEzz-dPBVrsy4ZluSsYHDg,http://www.youtube.com/channel/UCmEzz-dPBVrsy4ZluSsYHDg,Hyperplexed
UCmvYCRYPDlzSHVNCI_ViJDQ,http://www.youtube.com/channel/UCmvYCRYPDlzSHVNCI_ViJDQ,Tiago Forte
UCo2e1sPkanos688Qjq_aB9g,http://www.youtube.com/channel/UCo2e1sPkanos688Qjq_aB9g,CKG Official
UCo4K5kzinPI9AHRDp_V4T0w,http://www.youtube.com/channel/UCo4K5kzinPI9AHRDp_V4T0w,Chad Kubanoff
UCoEPRA9ab07aiALcpyTfF6Q,http://www.youtube.com/channel/UCoEPRA9ab07aiALcpyTfF6Q,fastppt_
UCoOae5nYA7VqaXzerajD0lg,http://www.youtube.com/channel/UCoOae5nYA7VqaXzerajD0lg,Ali Abdaal
UCog3Th5YoH5cuosdwaavGFg,http://www.youtube.com/channel/UCog3Th5YoH5cuosdwaavGFg,Desmond Vũ
UCoupL81t75_Z4XRKzOSHLbg,http://www.youtube.com/channel/UCoupL81t75_Z4XRKzOSHLbg,ちょこ
UCpVE_i_6OOospMhcbRDrKbw,http://www.youtube.com/channel/UCpVE_i_6OOospMhcbRDrKbw,Don McMillan
UCpss48CF_RbbhWsUIl_yxsA,http://www.youtube.com/channel/UCpss48CF_RbbhWsUIl_yxsA,Insidegram
UCq5ZYJax8VC580PAIU5xuvg,http://www.youtube.com/channel/UCq5ZYJax8VC580PAIU5xuvg,GrappLr
UCqb-IU-JKgCg2aqZw3gJafQ,http://www.youtube.com/channel/UCqb-IU-JKgCg2aqZw3gJafQ,THỎ BẢY MÀU
UCrMptz_4sBQHf6V8pNgHGgQ,http://www.youtube.com/channel/UCrMptz_4sBQHf6V8pNgHGgQ,Liam Porritt
UCsBjURrPoezykLs9EqgamOA,http://www.youtube.com/channel/UCsBjURrPoezykLs9EqgamOA,Fireship
UCsT0YIqwnpJCM-mx7-gSA4Q,http://www.youtube.com/channel/UCsT0YIqwnpJCM-mx7-gSA4Q,TEDx Talks
UCsooa4yRKGN_zEE8iknghZA,http://www.youtube.com/channel/UCsooa4yRKGN_zEE8iknghZA,TED-Ed
UCt8jfvd9skBAOT6XJwc_mJg,http://www.youtube.com/channel/UCt8jfvd9skBAOT6XJwc_mJg,Family Feud
UCtKSBH_lkYBMtTf4QS8YDAQ,http://www.youtube.com/channel/UCtKSBH_lkYBMtTf4QS8YDAQ,Solo Solo Travel
UCuDz-AQO2KuXzjtxoycrnJg,http://www.youtube.com/channel/UCuDz-AQO2KuXzjtxoycrnJg,Steven He Live
UCv2byPgvl60Mh1vQBnXuksA,http://www.youtube.com/channel/UCv2byPgvl60Mh1vQBnXuksA,ころね ぽち -Pochi korone-
UCv92BTFx7XFbdoPhTGzlH4w,http://www.youtube.com/channel/UCv92BTFx7XFbdoPhTGzlH4w,Ayane Sakura - Topic
UCvYj0iVCfL7by8F58e2wvpQ,http://www.youtube.com/channel/UCvYj0iVCfL7by8F58e2wvpQ,Bổ Não
UCwAnu01qlnVg1Ai2AbtTMaA,http://www.youtube.com/channel/UCwAnu01qlnVg1Ai2AbtTMaA,Jeff Su
UCxI2sKOL2JPX0SQwwKZFafQ,http://www.youtube.com/channel/UCxI2sKOL2JPX0SQwwKZFafQ,まめこ
UCxTYgnyy0sEoV3Ndr6XVdGQ,http://www.youtube.com/channel/UCxTYgnyy0sEoV3Ndr6XVdGQ,Hoàng Luân
UCxUgvwrVfqVpyak4cuKcevQ,http://www.youtube.com/channel/UCxUgvwrVfqVpyak4cuKcevQ,(Love Live! hasu)蓮ノ空女学院スクールアイドルクラブ公式チャンネル
UCxePjP93-pKMEvym_Qn1yyQ,http://www.youtube.com/channel/UCxePjP93-pKMEvym_Qn1yyQ,DarlingVCR
UCxfrD2EyXI9L9u1QJhC2pHw,http://www.youtube.com/channel/UCxfrD2EyXI9L9u1QJhC2pHw,River Sprite : TFT
UCzAA0FjtT1Js7JBbIuim7ew,http://www.youtube.com/channel/UCzAA0FjtT1Js7JBbIuim7ew,Remind TV
UCzCUsSjaQ2L4r7E6ful34kA,http://www.youtube.com/channel/UCzCUsSjaQ2L4r7E6ful34kA,CaKhoSolo
UCzJjUHizQfPYywqt1mSEMww,http://www.youtube.com/channel/UCzJjUHizQfPYywqt1mSEMww,Oliur / UltraLinx





